{
  "dataset_overview": {
    "name": "SVHN",
    "task": "digit_classification",
    "total_images": 99289,
    "num_classes": 10,
    "image_shape": [
      32,
      32,
      3
    ],
    "train_samples": 73257,
    "test_samples": 26032,
    "format": "RGB",
    "pixel_range": "0-255"
  },
  "class_distribution": {
    "classes": [
      0,
      1,
      2,
      3,
      4,
      5,
      6,
      7,
      8,
      9
    ],
    "counts": [
      6692,
      18960,
      14734,
      11379,
      9981,
      9266,
      7704,
      7614,
      6705,
      6254
    ],
    "percentages": [
      6.739920837152153,
      19.0957709313217,
      14.839508908338287,
      11.460484041535315,
      10.052473083624571,
      9.33235303004361,
      7.759167682220588,
      7.668523199951656,
      6.7530139290354425,
      6.298784356776682
    ],
    "imbalance_ratio": 3.0316597377678285,
    "total_samples": 99289,
    "train_samples": 73257,
    "test_samples": 26032
  },
  "pixel_statistics": {
    "mean_r": 0.4415509104728699,
    "mean_g": 0.44605568051338196,
    "mean_b": 0.4717999994754791,
    "std_r": 0.203962504863739,
    "std_g": 0.20805400609970093,
    "std_b": 0.2057601809501648,
    "overall_mean": 0.4531351327896118,
    "overall_std": 0.20636335015296936,
    "total_pixels": 305015808,
    "image_shape": [
      32,
      32,
      3
    ]
  },
  "dimension_validation": {
    "expected_shape": [
      32,
      32,
      3
    ],
    "train_shape": [
      32,
      32,
      3
    ],
    "test_shape": [
      32,
      32,
      3
    ],
    "train_valid": true,
    "test_valid": true,
    "all_valid": true,
    "total_images": 99289,
    "valid_percentage": 100.0
  },
  "sample_images": {
    "digit_0": {
      "sample_path": "plotly_data/sample_images/digit_0_sample.png",
      "class_size": 4948,
      "sample_index": 52
    },
    "digit_1": {
      "sample_path": "plotly_data/sample_images/digit_1_sample.png",
      "class_size": 13861,
      "sample_index": 0
    },
    "digit_2": {
      "sample_path": "plotly_data/sample_images/digit_2_sample.png",
      "class_size": 10585,
      "sample_index": 2
    },
    "digit_3": {
      "sample_path": "plotly_data/sample_images/digit_3_sample.png",
      "class_size": 8497,
      "sample_index": 3
    },
    "digit_4": {
      "sample_path": "plotly_data/sample_images/digit_4_sample.png",
      "class_size": 7458,
      "sample_index": 15
    },
    "digit_5": {
      "sample_path": "plotly_data/sample_images/digit_5_sample.png",
      "class_size": 6882,
      "sample_index": 5
    },
    "digit_6": {
      "sample_path": "plotly_data/sample_images/digit_6_sample.png",
      "class_size": 5727,
      "sample_index": 21
    },
    "digit_7": {
      "sample_path": "plotly_data/sample_images/digit_7_sample.png",
      "class_size": 5595,
      "sample_index": 14
    },
    "digit_8": {
      "sample_path": "plotly_data/sample_images/digit_8_sample.png",
      "class_size": 5045,
      "sample_index": 13
    },
    "digit_9": {
      "sample_path": "plotly_data/sample_images/digit_9_sample.png",
      "class_size": 4659,
      "sample_index": 1
    }
  },
  "quality_assessment": {
    "corrupted_images": 0,
    "missing_labels": 0,
    "outlier_pixels": 0.2781803361483481,
    "consistent_format": true,
    "data_completeness": 100.0
  }
}